{
  "buoys": [
    {
      "x": -91.529145,
      "y": 41.622331,
      "color": "#0000FF"
    }
  ],
  "boat": {
    "x": -91.529145,
    "y": 41.621914,
    "angle": 90
  }
}